{"cameraMode":{"drawMode":0,"name":"Shaded","section":"Shading Mode"},"sceneLighting":false,"audioPlay":false,"sceneViewState":{"m_AlwaysRefresh":false,"showFog":false,"showSkybox":false,"showFlares":false,"showImageEffects":false,"showParticleSystems":false,"showVisualEffectGraphs":true,"m_FxEnabled":true},"in2DMode":false,"pivot":{"x":0.0000021457672119140627,"y":3.5668110847473146,"z":0.2683941125869751},"rotation":{"x":0.06293071061372757,"y":0.024246737360954286,"z":0.0015271794982254506,"w":-0.9977303743362427},"size":5.530087947845459,"orthographic":false}