{"cameraMode":{"drawMode":0,"name":"Shaded","section":"Shading Mode"},"sceneLighting":true,"audioPlay":false,"sceneViewState":{"m_AlwaysRefresh":false,"showFog":true,"showSkybox":true,"showFlares":true,"showImageEffects":true,"showParticleSystems":true,"showVisualEffectGraphs":true,"m_FxEnabled":true},"in2DMode":false,"pivot":{"x":6.060309410095215,"y":-0.9399158954620361,"z":10.055288314819336},"rotation":{"x":-0.06832292675971985,"y":0.031117549166083337,"z":-0.002139538060873747,"w":-0.9971702098846436},"size":5.79362678527832,"orthographic":false}