{"cameraMode":{"drawMode":0,"name":"Shaded","section":"Shading Mode"},"sceneLighting":false,"audioPlay":false,"sceneViewState":{"m_AlwaysRefresh":false,"showFog":true,"showSkybox":false,"showFlares":true,"showImageEffects":true,"showParticleSystems":true,"showVisualEffectGraphs":true,"m_FxEnabled":true},"in2DMode":false,"pivot":{"x":-0.0000026226043701171877,"y":3.0936317443847658,"z":-0.38040637969970705},"rotation":{"x":-0.04798342287540436,"y":0.01827525720000267,"z":-0.0008790208958089352,"w":-0.9986857175827026},"size":4.771142959594727,"orthographic":false}