{"cameraMode":{"drawMode":0,"name":"Shaded","section":"Shading Mode"},"sceneLighting":false,"audioPlay":false,"sceneViewState":{"m_AlwaysRefresh":false,"showFog":true,"showSkybox":false,"showFlares":true,"showImageEffects":true,"showParticleSystems":true,"showVisualEffectGraphs":true,"m_FxEnabled":true},"in2DMode":false,"pivot":{"x":2.8470985889434816,"y":4.129493236541748,"z":-4.76837158203125e-7},"rotation":{"x":-0.04040154442191124,"y":0.06918539851903916,"z":-0.002805131720378995,"w":-0.9967867732048035},"size":1.3839483261108399,"orthographic":false}